USE [MusicPlaceDB]
GO
SET IDENTITY_INSERT [dbo].[Album] ON 
GO
INSERT [dbo].[Album] ([Id], [Name], [Description], [Year], [Active]) VALUES (1, N'One More Light', N'One More Light — en español: Una luz más — es el séptimo álbum de estudio de la banda estadounidense de rock Linkin Park. Se publicó el 19 de mayo de 2017 a través de Warner Bros. Records y Machine Shop Records, siguiendo a su publicación de 2014, The Hunting Party. ', N'2017', 1)
GO
INSERT [dbo].[Album] ([Id], [Name], [Description], [Year], [Active]) VALUES (2, N'Sour', N'Sour es el álbum de estudio debut de la cantautora estadounidense Olivia Rodrigo, publicado el 21 de mayo de 2021 a través de Geffen Records.', N'2021', 1)
GO
INSERT [dbo].[Album] ([Id], [Name], [Description], [Year], [Active]) VALUES (3, N'11:11', N'11:11 es el cuarto álbum de estudio del cantante colombiano Maluma, fue lanzado el 17 de mayo de 2019 bajo el sello Sony Music Latin.', N'2019', 1)
GO
SET IDENTITY_INSERT [dbo].[Album] OFF
GO
SET IDENTITY_INSERT [dbo].[Song] ON 
GO
INSERT [dbo].[Song] ([Id], [Name], [Duration], [Active]) VALUES (1, N'Nobody Can Save Me', N'3:46', 1)
GO
INSERT [dbo].[Song] ([Id], [Name], [Duration], [Active]) VALUES (2, N'Good Goodbye (feat. Pusha T and Stormzy)', N'3:32', 1)
GO
INSERT [dbo].[Song] ([Id], [Name], [Duration], [Active]) VALUES (3, N'Talking to Myself', N'3:52', 1)
GO
INSERT [dbo].[Song] ([Id], [Name], [Duration], [Active]) VALUES (4, N'Battle Symphony', N'3:37', 1)
GO
INSERT [dbo].[Song] ([Id], [Name], [Duration], [Active]) VALUES (5, N'Invisible', N'3:35', 1)
GO
INSERT [dbo].[Song] ([Id], [Name], [Duration], [Active]) VALUES (6, N'Heavy (con Kiiara)
', N'2:25', 1)
GO
INSERT [dbo].[Song] ([Id], [Name], [Duration], [Active]) VALUES (7, N'Sorry for Now', N'3:24', 1)
GO
INSERT [dbo].[Song] ([Id], [Name], [Duration], [Active]) VALUES (8, N'Halfway Right
', N'3:38', 1)
GO
INSERT [dbo].[Song] ([Id], [Name], [Duration], [Active]) VALUES (9, N'One More Light', N'4:16', 1)
GO
INSERT [dbo].[Song] ([Id], [Name], [Duration], [Active]) VALUES (10, N'Sharp Edges', N'2:59', 1)
GO
INSERT [dbo].[Song] ([Id], [Name], [Duration], [Active]) VALUES (11, N'brutal', N'2:24', 1)
GO
INSERT [dbo].[Song] ([Id], [Name], [Duration], [Active]) VALUES (12, N'traitor', N'3:50', 1)
GO
INSERT [dbo].[Song] ([Id], [Name], [Duration], [Active]) VALUES (13, N'drivers license', N'4:06', 1)
GO
INSERT [dbo].[Song] ([Id], [Name], [Duration], [Active]) VALUES (14, N'1 step forward, 3 steps back
 
', N'2:44', 1)
GO
INSERT [dbo].[Song] ([Id], [Name], [Duration], [Active]) VALUES (15, N'deja vu
', N'3:36', 1)
GO
INSERT [dbo].[Song] ([Id], [Name], [Duration], [Active]) VALUES (16, N'good 4 u
', N'2:59', 1)
GO
INSERT [dbo].[Song] ([Id], [Name], [Duration], [Active]) VALUES (17, N'enough for you', N'3:23', 1)
GO
INSERT [dbo].[Song] ([Id], [Name], [Duration], [Active]) VALUES (18, N'happier
', N'2:56', 1)
GO
INSERT [dbo].[Song] ([Id], [Name], [Duration], [Active]) VALUES (19, N'jealousy, jealousy', N'2:54', 1)
GO
INSERT [dbo].[Song] ([Id], [Name], [Duration], [Active]) VALUES (20, N'favorite crime', N'2:33', 1)
GO
INSERT [dbo].[Song] ([Id], [Name], [Duration], [Active]) VALUES (21, N'hope ur ok', N'3:30', 1)
GO
INSERT [dbo].[Song] ([Id], [Name], [Duration], [Active]) VALUES (22, N'11 PM', N'2:56', 1)
GO
INSERT [dbo].[Song] ([Id], [Name], [Duration], [Active]) VALUES (23, N'HP', N'3:05', 1)
GO
INSERT [dbo].[Song] ([Id], [Name], [Duration], [Active]) VALUES (24, N'No Se Me Quita (con Ricky Martin)', N'3:40', 1)
GO
INSERT [dbo].[Song] ([Id], [Name], [Duration], [Active]) VALUES (25, N'Dispuesto (con Ozuna)
 
', N'2:43', 1)
GO
INSERT [dbo].[Song] ([Id], [Name], [Duration], [Active]) VALUES (26, N'No Puedo Olvidarte (con Nicky Jam)', N'3:12', 1)
GO
INSERT [dbo].[Song] ([Id], [Name], [Duration], [Active]) VALUES (27, N'Me Enamoré de Ti', N'3:20', 1)
GO
INSERT [dbo].[Song] ([Id], [Name], [Duration], [Active]) VALUES (28, N'Extrañándote (con Zion & Lennox, Lennox y Zion)', N'3:46', 1)
GO
INSERT [dbo].[Song] ([Id], [Name], [Duration], [Active]) VALUES (29, N'Shhh (Calla'')', N'2:58', 1)
GO
INSERT [dbo].[Song] ([Id], [Name], [Duration], [Active]) VALUES (30, N'Dinero Tiene Cualquiera', N'3:27', 1)
GO
INSERT [dbo].[Song] ([Id], [Name], [Duration], [Active]) VALUES (31, N'Soltera (con Madonna)', N'3:09', 1)
GO
INSERT [dbo].[Song] ([Id], [Name], [Duration], [Active]) VALUES (32, N'Te Quiero', N'3:05', 1)
GO
INSERT [dbo].[Song] ([Id], [Name], [Duration], [Active]) VALUES (33, N'Instinto Natural (con Sech)', N'3:15', 1)
GO
INSERT [dbo].[Song] ([Id], [Name], [Duration], [Active]) VALUES (34, N'Tu Vecina (con Ty Dolla $ign)
', N'3:20', 1)
GO
INSERT [dbo].[Song] ([Id], [Name], [Duration], [Active]) VALUES (35, N'La Flaca (con Chencho Corleone)', N'2:41', 1)
GO
INSERT [dbo].[Song] ([Id], [Name], [Duration], [Active]) VALUES (36, N'Puesto Pa'' Ti (con Farina)', N'3:24', 1)
GO
INSERT [dbo].[Song] ([Id], [Name], [Duration], [Active]) VALUES (37, N'Déjale Saber
', N'3:18', 1)
GO
SET IDENTITY_INSERT [dbo].[Song] OFF
GO
SET IDENTITY_INSERT [dbo].[AlbumSong] ON 
GO
INSERT [dbo].[AlbumSong] ([Id], [AlbumId], [SongId], [Active]) VALUES (1, 1, 1, 1)
GO
INSERT [dbo].[AlbumSong] ([Id], [AlbumId], [SongId], [Active]) VALUES (2, 1, 2, 1)
GO
INSERT [dbo].[AlbumSong] ([Id], [AlbumId], [SongId], [Active]) VALUES (3, 1, 3, 1)
GO
INSERT [dbo].[AlbumSong] ([Id], [AlbumId], [SongId], [Active]) VALUES (4, 1, 4, 1)
GO
INSERT [dbo].[AlbumSong] ([Id], [AlbumId], [SongId], [Active]) VALUES (5, 1, 5, 1)
GO
INSERT [dbo].[AlbumSong] ([Id], [AlbumId], [SongId], [Active]) VALUES (6, 1, 6, 1)
GO
INSERT [dbo].[AlbumSong] ([Id], [AlbumId], [SongId], [Active]) VALUES (7, 1, 7, 1)
GO
INSERT [dbo].[AlbumSong] ([Id], [AlbumId], [SongId], [Active]) VALUES (8, 1, 8, 1)
GO
INSERT [dbo].[AlbumSong] ([Id], [AlbumId], [SongId], [Active]) VALUES (9, 1, 9, 1)
GO
INSERT [dbo].[AlbumSong] ([Id], [AlbumId], [SongId], [Active]) VALUES (10, 1, 10, 1)
GO
INSERT [dbo].[AlbumSong] ([Id], [AlbumId], [SongId], [Active]) VALUES (11, 2, 11, 1)
GO
INSERT [dbo].[AlbumSong] ([Id], [AlbumId], [SongId], [Active]) VALUES (12, 2, 12, 1)
GO
INSERT [dbo].[AlbumSong] ([Id], [AlbumId], [SongId], [Active]) VALUES (13, 2, 13, 1)
GO
INSERT [dbo].[AlbumSong] ([Id], [AlbumId], [SongId], [Active]) VALUES (14, 2, 14, 1)
GO
INSERT [dbo].[AlbumSong] ([Id], [AlbumId], [SongId], [Active]) VALUES (15, 2, 15, 1)
GO
INSERT [dbo].[AlbumSong] ([Id], [AlbumId], [SongId], [Active]) VALUES (16, 2, 16, 1)
GO
INSERT [dbo].[AlbumSong] ([Id], [AlbumId], [SongId], [Active]) VALUES (17, 2, 17, 1)
GO
INSERT [dbo].[AlbumSong] ([Id], [AlbumId], [SongId], [Active]) VALUES (18, 2, 18, 1)
GO
INSERT [dbo].[AlbumSong] ([Id], [AlbumId], [SongId], [Active]) VALUES (19, 2, 19, 1)
GO
INSERT [dbo].[AlbumSong] ([Id], [AlbumId], [SongId], [Active]) VALUES (20, 2, 20, 1)
GO
INSERT [dbo].[AlbumSong] ([Id], [AlbumId], [SongId], [Active]) VALUES (21, 2, 21, 1)
GO
INSERT [dbo].[AlbumSong] ([Id], [AlbumId], [SongId], [Active]) VALUES (22, 3, 22, 1)
GO
INSERT [dbo].[AlbumSong] ([Id], [AlbumId], [SongId], [Active]) VALUES (23, 3, 23, 1)
GO
INSERT [dbo].[AlbumSong] ([Id], [AlbumId], [SongId], [Active]) VALUES (24, 3, 24, 1)
GO
INSERT [dbo].[AlbumSong] ([Id], [AlbumId], [SongId], [Active]) VALUES (25, 3, 25, 1)
GO
INSERT [dbo].[AlbumSong] ([Id], [AlbumId], [SongId], [Active]) VALUES (26, 3, 26, 1)
GO
INSERT [dbo].[AlbumSong] ([Id], [AlbumId], [SongId], [Active]) VALUES (27, 3, 27, 1)
GO
INSERT [dbo].[AlbumSong] ([Id], [AlbumId], [SongId], [Active]) VALUES (28, 3, 28, 1)
GO
INSERT [dbo].[AlbumSong] ([Id], [AlbumId], [SongId], [Active]) VALUES (29, 3, 29, 1)
GO
INSERT [dbo].[AlbumSong] ([Id], [AlbumId], [SongId], [Active]) VALUES (30, 3, 30, 1)
GO
INSERT [dbo].[AlbumSong] ([Id], [AlbumId], [SongId], [Active]) VALUES (31, 3, 31, 1)
GO
INSERT [dbo].[AlbumSong] ([Id], [AlbumId], [SongId], [Active]) VALUES (32, 3, 32, 1)
GO
INSERT [dbo].[AlbumSong] ([Id], [AlbumId], [SongId], [Active]) VALUES (33, 3, 33, 1)
GO
INSERT [dbo].[AlbumSong] ([Id], [AlbumId], [SongId], [Active]) VALUES (34, 3, 34, 1)
GO
INSERT [dbo].[AlbumSong] ([Id], [AlbumId], [SongId], [Active]) VALUES (35, 3, 35, 1)
GO
INSERT [dbo].[AlbumSong] ([Id], [AlbumId], [SongId], [Active]) VALUES (36, 3, 36, 1)
GO
INSERT [dbo].[AlbumSong] ([Id], [AlbumId], [SongId], [Active]) VALUES (37, 3, 37, 1)
GO
SET IDENTITY_INSERT [dbo].[AlbumSong] OFF
GO
SET IDENTITY_INSERT [dbo].[Artist] ON 
GO
INSERT [dbo].[Artist] ([Id], [Name], [Active]) VALUES (1, N'Linkin Park', 1)
GO
INSERT [dbo].[Artist] ([Id], [Name], [Active]) VALUES (2, N'Olivia Rodrigo', 1)
GO
INSERT [dbo].[Artist] ([Id], [Name], [Active]) VALUES (3, N'Maluma', 1)
GO
SET IDENTITY_INSERT [dbo].[Artist] OFF
GO
SET IDENTITY_INSERT [dbo].[ArtistAlbum] ON 
GO
INSERT [dbo].[ArtistAlbum] ([Id], [ArtistId], [AlbumId], [Active]) VALUES (1, 1, 1, 1)
GO
INSERT [dbo].[ArtistAlbum] ([Id], [ArtistId], [AlbumId], [Active]) VALUES (2, 2, 2, 1)
GO
INSERT [dbo].[ArtistAlbum] ([Id], [ArtistId], [AlbumId], [Active]) VALUES (3, 3, 3, 1)
GO